line_soccer_00002.png,LINESTRING,79.5,539.75,5.5,529.75
line_soccer_00002.png,LINESTRING,77.5,569.75,79.5,542.75
line_soccer_00002.png,LINESTRING,307.5,483.75,5.5,394.75
line_soccer_00002.png,LINESTRING,5.5,498.75,305.5,484.75
line_soccer_00002.png,LINESTRING,84.5,542.75,1317.25,501.375
line_soccer_00009.png,LINESTRING,87.9375,276.724609375,624.84375,382.2998046875
line_soccer_00009.png,LINESTRING,43.78125,338.9248046875,99.03125,333.5498046875
line_soccer_00009.png,LINESTRING,322.1875,467.849609375,325.3125,372.849609375
line_soccer_00009.png,LINESTRING,93.8125,438.724609375,322.4375,468.224609375
line_soccer_00009.png,LINESTRING,273.96875,377.3623046875,324.78125,373.0498046875
line_soccer_00009.png,LINESTRING,980.9375,344.099609375,1221.34375,402.2373046875
line_soccer_00009.png,LINESTRING,55.9375,103.599609375,980.1875,343.974609375
line_soccer_00009.png,LINESTRING,942.03125,516.4873046875,942.15625,483.4248046875
line_soccer_00009.png,LINESTRING,56.078611831885965,102.30263527888502,2.419385504728666,110.79998564506438
line_soccer_00009.png,LINESTRING,43.90625,339.0498046875,273.71875,377.4873046875
line_soccer_00009.png,LINESTRING,93.3125,437.474609375,99.5,333.796875
line_soccer_00009.png,LINESTRING,624.5,382.796875,466.5,395.796875
line_soccer_00009.png,LINESTRING,4.5,285.796875,91.5,277.796875
line_soccer_00009.png,LINESTRING,4.5,315.796875,941.5,479.796875
line_soccer_00009.png,LINESTRING,945.5,481.796875,1302.5,460.796875
line_soccer_00009.png,LINESTRING,1221.21875,402.3623046875,707.5,437.796875
line_soccer_00012.png,LINESTRING,3.5,515.796875,1317.5,528.796875
line_soccer_00012.png,LINESTRING,527.5,514.796875,537.5,-0.203125
line_soccer_00017.png,LINESTRING,326.65625,449.2998046875,1046.15625,489.9873046875
line_soccer_00017.png,LINESTRING,4.71875,434.4248046875,325.46875,449.3623046875
line_soccer_00017.png,LINESTRING,772.09375,411.4248046875,1319.5,263.796875
line_soccer_00017.png,LINESTRING,1315.5,443.796875,770.90625,412.2373046875
line_soccer_00017.png,LINESTRING,1050.5,489.796875,1315.5,442.796875
line_soccer_00017.png,LINESTRING,1048.03125,527.5498046875,1049.03125,491.6748046875
line_soccer_00020.png,LINESTRING,472.5,45.75,1188.5,99.75
line_soccer_00020.png,LINESTRING,298.5,562.75,475.5,43.75
line_soccer_00020.png,LINESTRING,741.5,579.75,299.5,561.75
line_soccer_00020.png,LINESTRING,670.75,479.875,828.25,488.875
line_soccer_00020.png,LINESTRING,822.25,269.875,670.25,480.375
line_soccer_00020.png,LINESTRING,1018.25,282.375,821.25,268.875
line_soccer_00020.png,LINESTRING,935.75,438.875,877.75,436.875
line_soccer_00020.png,LINESTRING,1016.25,357.375,954.75,353.375
line_soccer_00020.png,LINESTRING,937.25,437.875,1015.75,357.875
line_soccer_00020.png,LINESTRING,958.25,430.375,951.75,355.375
line_soccer_00020.png,LINESTRING,879.25,508.875,956.75,433.375
line_soccer_00020.png,LINESTRING,874.75,436.875,879.75,508.375
line_soccer_00020.png,LINESTRING,663.25,669.375,1282.25,0.375
line_soccer_00020.png,LINESTRING,663.5,672.75,663.5,696.75
line_soccer_00020.png,LINESTRING,363.5,658.75,663.5,669.75
line_soccer_00020.png,LINESTRING,4.5,653.75,130.5,653.75
line_soccer_00022.png,LINESTRING,1001.5,359,943.5,352
line_soccer_00022.png,LINESTRING,1207.5,323,998.5,359
line_soccer_00022.png,LINESTRING,1156.5,314,1207.5,322
line_soccer_00022.png,LINESTRING,1157.5,417,1155.5,318
line_soccer_00022.png,LINESTRING,938.5,442,1159.5,418
line_soccer_00022.png,LINESTRING,937.5,353,939.5,444
line_soccer_00022.png,LINESTRING,66.5,366,573.5,410
line_soccer_00022.png,LINESTRING,1204.5,95,66.5,366
line_soccer_00022.png,LINESTRING,1320.5,120,1204.5,93
line_soccer_00022.png,LINESTRING,652.5,356,800.5,372
line_soccer_00022.png,LINESTRING,1168.5,260,652.5,354
line_soccer_00022.png,LINESTRING,1321.5,286,1165.5,260
line_soccer_00022.png,LINESTRING,343.5,450,1321.5,286
line_soccer_00022.png,LINESTRING,3.5,420,337.5,449
line_soccer_00024.png,LINESTRING,357.10001220703134,481.6999809265137,1226.700048828125,266.4999992370606
line_soccer_00024.png,LINESTRING,357.10001220703134,482.4999992370606,729.1000122070313,512.1000053405762
line_soccer_00024.png,LINESTRING,1224.149987792969,266.04999351501465,1320.950036621094,283.24999046325684
line_soccer_00024.png,LINESTRING,792.1499969482422,470.0500026702881,1198.95,394.44996604919436
line_soccer_00024.png,LINESTRING,791.7500030517579,470.0500026702881,910.1500122070313,481.64999351501467
line_soccer_00024.png,LINESTRING,1197.3500183105468,393.65000267028813,1320.1500366210937,409.2499935150147
line_soccer_00024.png,LINESTRING,1190.5500000000002,437.2499996185303,1234.1500061035158,441.2499996185303
line_soccer_00024.png,LINESTRING,1061.350003051758,468.44996604919436,1234.9499938964846,441.64999351501467
line_soccer_00024.png,LINESTRING,1021.7499969482424,463.2499996185303,1059.7499969482424,467.64999351501467
line_soccer_00024.png,LINESTRING,1194.9499938964846,515.2499996185303,1190.5500000000002,436.8500057220459
line_soccer_00024.png,LINESTRING,556.3375,541.8124976158142,1320.337503051758,415.51249837875366
line_soccer_00024.png,LINESTRING,1.7499969482421989,507.6499996185303,552.55,542.8499965667725
line_soccer_00024.png,LINESTRING,1020.9500122070312,536.0499904632568,1196.1500244140625,516.0499904632568
line_soccer_00024.png,LINESTRING,1020.2000244140626,464.5999984741211,1020.2000244140626,534.9999618530273
line_soccer_00029.png,LINESTRING,1003.5,455,1318.5,371
line_soccer_00029.png,LINESTRING,1320.5,472,1005.5,456
line_soccer_00029.png,LINESTRING,1268.5,528,1324.5,515
line_soccer_00029.png,LINESTRING,4.5,468,1268.5,527
line_soccer_00033.png,LINESTRING,129.5,199,2.5,223
line_soccer_00033.png,LINESTRING,1138.5,462,126.5,200
line_soccer_00033.png,LINESTRING,692.5,492,1137.5,461
line_soccer_00033.png,LINESTRING,619.5,439,482.5,453
line_soccer_00033.png,LINESTRING,159.5,350,620.5,438
line_soccer_00033.png,LINESTRING,2.5,370,158.5,350
line_soccer_00033.png,LINESTRING,357.5,516,363.5,435
line_soccer_00033.png,LINESTRING,162.5,490,359.5,517
line_soccer_00033.png,LINESTRING,167.5,399,164.5,489
line_soccer_00033.png,LINESTRING,323.5,438,362.5,433
line_soccer_00033.png,LINESTRING,120.5,406,317.5,437
line_soccer_00033.png,LINESTRING,115.5,407,163.5,399
line_soccer_00033.png,LINESTRING,906.5,527,1321.5,505
line_soccer_00033.png,LINESTRING,1.5,370,907.5,528
line_soccer_00037.png,LINESTRING,439.5,131,4.5,95
line_soccer_00037.png,LINESTRING,441.5,493,439.5,131
line_soccer_00037.png,LINESTRING,109.5,480,443.5,493
line_soccer_00037.png,LINESTRING,129.5,254,1.5,243
line_soccer_00037.png,LINESTRING,196.5,413,129.5,254
line_soccer_00037.png,LINESTRING,66.5,409,194.5,413
line_soccer_00037.png,LINESTRING,40.5,367,0.5,365
line_soccer_00037.png,LINESTRING,33.5,421,40.5,367
line_soccer_00037.png,LINESTRING,0.5,379,31.5,421
line_soccer_00037.png,LINESTRING,153.5,550,-0.5,302
line_soccer_00037.png,LINESTRING,1020.5,574,1323.5,342
line_soccer_00037.png,LINESTRING,156.5,549,1321.5,585
line_soccer_00048.png,LINESTRING,906.5,497,866.5,487
line_soccer_00048.png,LINESTRING,1057.5,468,905.5,497
line_soccer_00048.png,LINESTRING,1020.5,460,1059.5,468
line_soccer_00048.png,LINESTRING,1021.5,534,1020.5,460
line_soccer_00048.png,LINESTRING,865.5,554,1021.5,536
line_soccer_00048.png,LINESTRING,868.5,489,868.5,555
line_soccer_00048.png,LINESTRING,1022.5,424,1153.5,444
line_soccer_00048.png,LINESTRING,664.5,491,1023.5,424
line_soccer_00048.png,LINESTRING,665.125,490.25,768.875,502
line_soccer_00048.png,LINESTRING,1181.5,0,1319.5,43
line_soccer_00048.png,LINESTRING,1051.5,309,1320.5,359
line_soccer_00048.png,LINESTRING,248.5,499,1049.5,309
line_soccer_00048.png,LINESTRING,252.5,500,607.5,533
line_soccer_00048.png,LINESTRING,436.5,558,1319.5,419
line_soccer_00048.png,LINESTRING,0.5,526,437.5,559
line_soccer_00050.png,LINESTRING,-0.4999755859374773,345.7000053405761,393.1,456.89998703002925
line_soccer_00050.png,LINESTRING,1.1000000000000227,475.2999809265136,393.8999877929688,456.89998703002925
line_soccer_00050.png,LINESTRING,0.3000091552735284,501.7000053405761,133.9000000000001,524.9000022888183
line_soccer_00050.png,LINESTRING,133.10001220703134,524.9000022888183,1317.400146484375,478.5999862670899
line_soccer_00066.png,LINESTRING,211.5,483,1.5,427
line_soccer_00066.png,LINESTRING,0.5,496,212.5,484
line_soccer_00066.png,LINESTRING,-0.5,552,1322.5,505
line_soccer_00068.png,LINESTRING,884.5,505,1319.5,388
line_soccer_00068.png,LINESTRING,887.5,505,1322.5,529
line_soccer_00068.png,LINESTRING,1128.5,571,1321.5,536
line_soccer_00068.png,LINESTRING,-0.5,517,1125.5,570
line_soccer_00074.png,LINESTRING,1238.5,721.796875,1322.5,637.796875
line_soccer_00074.png,LINESTRING,253.5,243.796875,435.5,1.796875
line_soccer_00074.png,LINESTRING,1226.5,299.796875,251.5,244.796875
line_soccer_00074.png,LINESTRING,822.5,718.796875,1320.5,189.796875
line_soccer_00080.png,LINESTRING,1176.5,433.796875,1320.5,395.796875
line_soccer_00080.png,LINESTRING,1321.5,442.796875,1176.5,433.796875
line_soccer_00080.png,LINESTRING,10.5,453.796875,1317.5,502.796875
line_soccer_00107.png,LINESTRING,432.5,698.796875,1316.5,687.796875
line_soccer_00107.png,LINESTRING,806.5,18.796875,5.5,31.796875
line_soccer_00107.png,LINESTRING,858.5,588.796875,808.5,17.796875
line_soccer_00107.png,LINESTRING,364.5,598.796875,858.5,588.796875
line_soccer_00107.png,LINESTRING,476.5,490.796875,293.5,493.796875
line_soccer_00107.png,LINESTRING,359.5,250.796875,476.5,490.796875
line_soccer_00107.png,LINESTRING,127.5,253.796875,358.5,249.796875
line_soccer_00107.png,LINESTRING,183.75,435.8984375,253.25,435.3984375
line_soccer_00107.png,LINESTRING,108.75,340.3984375,183.75,435.8984375
line_soccer_00107.png,LINESTRING,184.75,338.3984375,108.75,340.3984375
line_soccer_00107.png,LINESTRING,245.5,517.796875,251.5,436.796875
line_soccer_00107.png,LINESTRING,175.5,426.796875,245.5,517.796875
line_soccer_00107.png,LINESTRING,184.5,341.796875,175.5,426.796875
line_soccer_00107.png,LINESTRING,1.5,82.796875,434.5,700.796875
line_soccer_00141.png,LINESTRING,299.65000000000003,466.4499969482422,358.15000000000003,464.9499969482422
line_soccer_00141.png,LINESTRING,232.65000000000003,381.9499969482422,299.65000000000003,468.4499969482422
line_soccer_00141.png,LINESTRING,298.15000000000003,377.9499969482422,231.65000000000003,381.4499969482422
line_soccer_00141.png,LINESTRING,353.15000000000003,538.9499969482422,360.65000000000003,469.4499969482422
line_soccer_00141.png,LINESTRING,293.15000000000003,458.9499969482422,355.15000000000003,538.9499969482422
line_soccer_00141.png,LINESTRING,300.15000000000003,378.4499969482422,293.15000000000003,458.4499969482422
line_soccer_00141.png,LINESTRING,559.95,512.0499969482422,394.45000000000005,518.5499969482422
line_soccer_00141.png,LINESTRING,453.65000000000003,297.7499969482422,559.95,511.5499969482422
line_soccer_00141.png,LINESTRING,251.15000000000003,301.7499969482422,454.65000000000003,297.7499969482422
line_soccer_00141.png,LINESTRING,523.025,702.6249984741212,1316.8500000000001,693.8499969482423
line_soccer_00141.png,LINESTRING,408.35,533.5499969482422,521.1875,702.0374992370606
line_soccer_00141.png,LINESTRING,28.325000000000003,0.1249984741210994,407.65000000000003,531.0499969482422
line_soccer_00141.png,LINESTRING,909.5,600.2999938964845,459.58750000000003,611.4124992370606
line_soccer_00141.png,LINESTRING,853.7,76.4999938964844,910.85,600.5499969482422
line_soccer_00141.png,LINESTRING,111.89999999999998,106.89999389648438,853.9,81.89999389648438
line_soccer_00173.png,LINESTRING,1136.5,559.796875,1317.5,508.796875
line_soccer_00173.png,LINESTRING,1318.5,567.796875,1136.5,559.796875
line_soccer_00173.png,LINESTRING,380.5,4.796875,350.5,572.796875
line_soccer_00175.png,LINESTRING,1284.5,353.5,1317.5,347.5
line_soccer_00175.png,LINESTRING,1229.5,349.5,1284.5,353.5
line_soccer_00175.png,LINESTRING,1225.5,444.5,1316.5,431.5
line_soccer_00175.png,LINESTRING,1224.5,348.5,1226.5,443.5
line_soccer_00175.png,LINESTRING,915.8654095074291,355.66759044873754,1317.1996824328132,280.2030263089217
line_soccer_00175.png,LINESTRING,913.5786045334953,356.8109929357044,1077.085160169763,372.8186277532411
line_soccer_00175.png,LINESTRING,344.1641660239761,375.1054327271749,1316.0562799458462,128.13049554232316
line_soccer_00175.png,LINESTRING,345.30756851094304,375.1054327271749,834.6838329327788,413.98111728404973
line_soccer_00175.png,LINESTRING,599.1429206175961,457.4304117887922,1316.0562799458462,329.36933324849866
line_soccer_00175.png,LINESTRING,4.573627394804973,415.12451977101665,600.286323104563,456.28700930182526
line_soccer_00183.png,LINESTRING,1222.2108950354939,490.8351342297284,1318.7577857024394,475.2950525127885
line_soccer_00183.png,LINESTRING,1221.8802549989632,491.16577426625906,1185.8404910171241,487.8593739009527
line_soccer_00183.png,LINESTRING,1188.1549712728388,548.0358605495284,1319.0884257389703,532.1651387960578
line_soccer_00183.png,LINESTRING,1183.1953707248792,488.85129401054456,1188.1549712728388,547.7052205129977
line_soccer_00183.png,LINESTRING,796.5004923030298,557.690163305913,795.7547926028046,577.0783555117679
line_soccer_00183.png,LINESTRING,991.5,492.5,1318.5,431.5
line_soccer_00183.png,LINESTRING,990.5,494.5,1096.5,503.5
line_soccer_00183.png,LINESTRING,641.5,509.5,1317.5,331.5
line_soccer_00183.png,LINESTRING,645.5,510.5,938.5,529.5
line_soccer_00183.png,LINESTRING,798.5,556.5,1317.5,465.5
line_soccer_00183.png,LINESTRING,7.5,511.5,795.5,557.5
line_soccer_00184.png,LINESTRING,283.5,539.5,319.5,3.5
line_soccer_00184.png,LINESTRING,1014.5,530.5,1318.5,443.5
line_soccer_00184.png,LINESTRING,1011.5,533.5,1317.5,542.5
line_soccer_00184.png,LINESTRING,1160.5,571.5,1318.5,541.5
line_soccer_00184.png,LINESTRING,1.5,535.5,1159.5,570.5
line_soccer_00187.png,LINESTRING,214.5,537.5,213.5,561.5
line_soccer_00187.png,LINESTRING,3.5,342.5,453.5,466.5
line_soccer_00187.png,LINESTRING,3.5,492.5,451.5,468.5
line_soccer_00187.png,LINESTRING,215.5,536.5,1317.5,490.5
line_soccer_00187.png,LINESTRING,0.5,496.5,217.5,535.5
line_soccer_00190.png,LINESTRING,297.91290384249106,515.0132652818712,301.11340057132713,471.8065594425843
line_soccer_00190.png,LINESTRING,268.041601040021,459.00457252724,284.5775008056741,457.4043241628219
line_soccer_00190.png,LINESTRING,152.82371880192244,496.3437010303275,157.09104777370388,430.20010196771534
line_soccer_00190.png,LINESTRING,152.82371880192244,497.41053327327285,297.91290384249106,516.6135136462893
line_soccer_00190.png,LINESTRING,122.95241599945244,433.4005986965514,153.8905510448678,430.20010196771534
line_soccer_00190.png,LINESTRING,124.0192482423978,433.9340148180241,270.17526552591175,459.00457252724
line_soccer_00190.png,LINESTRING,692.0888003782151,527.3879387278241,693.0750330827084,547.1125928176913
line_soccer_00190.png,LINESTRING,130.5,285.5,856.5,476.5
line_soccer_00190.png,LINESTRING,1.5,306.5,131.5,285.5
line_soccer_00190.png,LINESTRING,389.5,471.5,491.5,462.5
line_soccer_00190.png,LINESTRING,152.5,393.5,492.5,462.5
line_soccer_00190.png,LINESTRING,34.5,407.5,150.5,393.5
line_soccer_00190.png,LINESTRING,549.5,499.5,856.5,480.5
line_soccer_00190.png,LINESTRING,694.5,527.5,1316.5,494.5
line_soccer_00190.png,LINESTRING,4.5,400.5,693.5,527.5
line_soccer_00192.png,LINESTRING,1314.760608599258,467.4373094586992,1319.6396295156144,464.997799000521
line_soccer_00192.png,LINESTRING,1297.6840353920106,464.997799000521,1314.2184951641073,467.4373094586992
line_soccer_00192.png,LINESTRING,1299.8524891326135,494.00086778108397,1319.0975160804637,488.8507901471522
line_soccer_00192.png,LINESTRING,1294.1602980635312,465.26885571809635,1299.8524891326135,493.7298110635086
line_soccer_00192.png,LINESTRING,1056.2784212313231,534.0833460459629,1056.7228425719063,543.6384048685036
line_soccer_00192.png,LINESTRING,139.49354074940806,396.59928252282623,166.8452154061547,119.435646001127
line_soccer_00192.png,LINESTRING,-2.735167465674465,380.1882777287782,139.49354074940806,394.7758375457098
line_soccer_00192.png,LINESTRING,8.20550239702419,86.61363641303092,161.37488047480537,117.61220102401057
line_soccer_00192.png,LINESTRING,1317.5,183.5,560.5,-1.5
line_soccer_00192.png,LINESTRING,571.5,486.5,1081.5,129.5
line_soccer_00192.png,LINESTRING,1194.5,472.5,1318.5,435.5
line_soccer_00192.png,LINESTRING,1195.5,472.5,1238.5,479.5
line_soccer_00192.png,LINESTRING,1008.5,489.5,1316.5,379.5
line_soccer_00192.png,LINESTRING,1008.5,489.5,1150.5,507.5
line_soccer_00192.png,LINESTRING,1057.5,535.5,1319.5,456.5
line_soccer_00192.png,LINESTRING,4.5,427.5,1053.5,533.5
line_soccer_00193.png,LINESTRING,587.1729933616172,657.4748093289112,584.7277128062331,678.8710141885225
line_soccer_00193.png,LINESTRING,404.69386347221297,460.2539284980665,445.6576402285626,459.31223248067914
line_soccer_00193.png,LINESTRING,348.1921024289721,392.4518152461774,392.9226632548711,448.01188027203096
line_soccer_00193.png,LINESTRING,394.80605528964577,453.1912083676614,399.98538338527624,390.09757520270904
line_soccer_00193.png,LINESTRING,446.1284882372563,519.5807775934694,395.7477513070331,453.66205637635505
line_soccer_00193.png,LINESTRING,446.1284882372563,519.5807775934694,449.8952723068057,459.7830804893728
line_soccer_00193.png,LINESTRING,348.1921024289721,389.62672719401536,398.5728393591952,387.272487150547
line_soccer_00193.png,LINESTRING,982.8929836121622,646.523370016535,1318.4559554485672,644.1034447388686
line_soccer_00193.png,LINESTRING,589.251805111764,656.2030711272005,979.6664165752736,646.523370016535
line_soccer_00193.png,LINESTRING,527.5,319.5,358.5,325.5
line_soccer_00193.png,LINESTRING,616.5,497.5,529.5,321.5
line_soccer_00193.png,LINESTRING,481.5,502.5,616.5,498.5
line_soccer_00193.png,LINESTRING,536.5,579.5,908.5,569.5
line_soccer_00193.png,LINESTRING,861.5,136.5,908.5,568.5
line_soccer_00193.png,LINESTRING,247.5,166.5,860.5,135.5
line_soccer_00193.png,LINESTRING,127.5,2.5,585.5,655.5
line_soccer_00195.png,LINESTRING,1034.9428297103534,550.7769824614934,1032.898498194876,474.1145506310969
line_soccer_00195.png,LINESTRING,1213.1403934761197,572.2424633740045,1035.2835516295997,550.7769824614934
line_soccer_00195.png,LINESTRING,1208.711008525919,498.30580689757755,1212.4589496376273,572.5831852932507
line_soccer_00195.png,LINESTRING,1167.1429343778818,502.05374800928587,1208.0295646874265,497.28364113983895
line_soccer_00195.png,LINESTRING,996.100530916286,479.90682325828243,1166.8022124586355,502.39446992853203
line_soccer_00195.png,LINESTRING,994.3969213200548,479.90682325828243,1030.854166679399,473.43310679260446
line_soccer_00195.png,LINESTRING,83.61024000770738,353.08784809010166,71.57998964688619,407.22397471379696
line_soccer_00195.png,LINESTRING,86.5,349.5,854.5,0.5
line_soccer_00195.png,LINESTRING,993.5,311.5,1315.5,364.5
line_soccer_00195.png,LINESTRING,585.5,413.5,992.5,310.5
line_soccer_00195.png,LINESTRING,1024.5,432.5,1317.5,474.5
line_soccer_00195.png,LINESTRING,898.5,455.5,1022.5,432.5
line_soccer_00195.png,LINESTRING,87.5,350.5,1317.5,510.5
line_soccer_00198.png,LINESTRING,2.5,440.296875,1161.5,497.296875
line_soccer_00198.png,LINESTRING,1160.5,538.296875,1160.5,499.296875
line_soccer_00198.png,LINESTRING,892.25,424.6484375,1321.25,307.6484375
line_soccer_00198.png,LINESTRING,1317.5,467.296875,1164.5,499.296875
line_soccer_00198.png,LINESTRING,1318.5,450.296875,891.5,425.296875
line_soccer_00205.png,LINESTRING,327.25,412.8984375,1318.75,163.8984375
line_soccer_00205.png,LINESTRING,769.25,447.8984375,328.75,413.3984375
line_soccer_00205.png,LINESTRING,841.75,396.8984375,1318.25,307.8984375
line_soccer_00205.png,LINESTRING,981.25,410.8984375,841.75,398.3984375
line_soccer_00205.png,LINESTRING,1163.125,394.19921875,1318.375,369.44921875
line_soccer_00205.png,LINESTRING,1109.875,389.69921875,1163.125,394.19921875
line_soccer_00205.png,LINESTRING,1112.375,474.69921875,1319.625,450.44921875
line_soccer_00205.png,LINESTRING,1110.125,390.44921875,1111.625,474.69921875
line_soccer_00205.png,LINESTRING,1110.125,389.69921875,1318.125,355.44921875
line_soccer_00205.png,LINESTRING,772.75,446.3984375,1108.25,389.3984375
line_soccer_00205.png,LINESTRING,561.4375,482.724609375,773.25,446.3984375
line_soccer_00205.png,LINESTRING,561.28125,482.6748046875,560.9375,500.724609375
line_soccer_00205.png,LINESTRING,3.125,444.44921875,561.1875,482.349609375
line_soccer_00219.png,LINESTRING,3.364583333333332,580.2923164367676,12.489583333333332,579.7506504058838
line_soccer_00219.png,LINESTRING,2.864583333333332,576.833984375,12.572917302449543,579.7506504058838
line_soccer_00219.png,LINESTRING,736.4479166666666,607.2506510416666,3.614583969116211,615.0839831034342
line_soccer_00219.png,LINESTRING,737.7291692097981,607.41796875,1319.6979179382324,610.458984375
line_soccer_00219.png,LINESTRING,736.8872749849698,609.5871326214542,736.8872749849698,0.0132580038622336
line_soccer_00220.png,LINESTRING,886.4242030597743,505.25910390015076,1320.3494430635265,387.3563401770469
line_soccer_00220.png,LINESTRING,1279.7091294494212,526.3029095763816,886.383819552917,505.0745578202566
line_soccer_00220.png,LINESTRING,1321.25,517.8984375,1087.25,559.8984375
line_soccer_00220.png,LINESTRING,3.125,512.19921875,1084.875,559.44921875
line_soccer_00222.png,LINESTRING,1016.8958358764648,611.3346328735352,1016.8958358764648,588.91796875
line_soccer_00222.png,LINESTRING,-0.1857081733206059,546.7698298639824,1016.8143103506544,589.1138778566672
line_soccer_00222.png,LINESTRING,1016.7274473048268,589.4794024026635,1319.5078468981374,535.0284358864594
line_soccer_00222.png,LINESTRING,1222.981133528503,525.5407611839707,1322.3953729753357,533.3784128924518
line_soccer_00222.png,LINESTRING,1222.1560937068693,525.9532810947876,1320.3328111874246,506.97793168981025
line_soccer_00222.png,LINESTRING,854.6120508394055,546.1661335829557,1165.6425654027541,561.8414181168312
line_soccer_00222.png,LINESTRING,855.8495728056828,544.5161105889481,1318.2703249318602,418.2888700286569
line_soccer_00222.png,LINESTRING,10.328219518150377,547.6094826186949,58.93148915226385,3.2528256352721883
line_soccer_00233.png,LINESTRING,1099.8125,524.2512995402018,1100.2291717529297,560.5846354166666
line_soccer_00233.png,LINESTRING,364.95833587646484,489.00260162353516,553.9583435058594,514.0026016235352
line_soccer_00233.png,LINESTRING,553.7916717529297,514.1692708333333,555.4583435058594,432.00259908040357
line_soccer_00233.png,LINESTRING,365.125,489.00260162353516,368.125,401.5025939941406
line_soccer_00233.png,LINESTRING,324.1250025431315,405.83593495686847,513.4583536783854,436.0025990804036
line_soccer_00233.png,LINESTRING,513.125010172526,436.33593495686847,555.2916666666666,431.33593495686847
line_soccer_00233.png,LINESTRING,323.6250025431315,405.83593241373694,368.125010172526,400.1692682902018
line_soccer_00233.png,LINESTRING,1.4302123267008398,338.3542301410081,1101.448599867011,524.6872153160616
line_soccer_00233.png,LINESTRING,333.35811815841214,208.8046400984154,1.001075325056064,268.8691596017804
line_soccer_00233.png,LINESTRING,1098.5683381116016,524.2587826285322,1319.7432492575663,515.2385867412227
line_soccer_00233.png,LINESTRING,891.4335717549432,487.7795118933183,1321.4131175232617,456.8209861096461
line_soccer_00233.png,LINESTRING,334.86806439093436,209.15277984026875,1319.3492158043503,445.12554828458786
line_soccer_00233.png,LINESTRING,360.6136787687542,353.21598791371457,814.6133664740507,438.09226585840634
line_soccer_00233.png,LINESTRING,677.5735427091837,450.4700563920072,815.4974943693079,437.2081379631491
line_soccer_00233.png,LINESTRING,215.55252556795784,373.09336317302166,359.1109898795472,353.32183225723486
line_soccer_00239.png,LINESTRING,4.392257087836924,503.6454794052979,1316.2130406551246,464.11516561476583
line_soccer_00239.png,LINESTRING,1211.4602203695804,283.5572900999805,1216.7345366601912,465.8979390039539
line_soccer_00239.png,LINESTRING,1203.8266617388276,282.3790934942929,1210.2884258920149,466.53937186013604
line_soccer_00239.png,LINESTRING,1214.1654843839274,-0.3230882076593957,1212.2269551379713,279.4712996253585
line_soccer_00239.png,LINESTRING,1205.119014569465,-1.6154410382969218,1203.8266617388276,280.76365245599595
line_soccer_00239.png,LINESTRING,130.125,446.19921875,2.125,450.94921875
line_soccer_00239.png,LINESTRING,130.375,446.19921875,3.125,410.69921875
line_soccer_00245.png,LINESTRING,677.7449288049166,630.5781014685,677.7449288049166,650.7009883735
line_soccer_00245.png,LINESTRING,303.375,569.69921875,331.875,566.94921875
line_soccer_00245.png,LINESTRING,177.375,547.69921875,303.375,569.69921875
line_soccer_00245.png,LINESTRING,177.125,548.19921875,205.875,544.44921875
line_soccer_00245.png,LINESTRING,328.375,621.69921875,332.875,566.69921875
line_soccer_00245.png,LINESTRING,201.125,604.44921875,328.375,621.69921875
line_soccer_00245.png,LINESTRING,200.625,604.69921875,206.125,544.94921875
line_soccer_00245.png,LINESTRING,683.25,630.3984375,1201.25,601.8984375
line_soccer_00245.png,LINESTRING,548.625,606.19921875,824.875,588.94921875
line_soccer_00245.png,LINESTRING,411.4375,581.099609375,502.5625,573.849609375
line_soccer_00245.png,LINESTRING,203.6875,511.099609375,501.9375,573.349609375
line_soccer_00245.png,LINESTRING,104.3125,525.974609375,200.5625,514.349609375
line_soccer_00245.png,LINESTRING,95.1875,523.849609375,202.4375,511.599609375
line_soccer_00245.png,LINESTRING,2.125,507.94921875,675.125,629.94921875
line_soccer_00245.png,LINESTRING,824.3125,589.224609375,191.5625,419.224609375
line_soccer_00245.png,LINESTRING,190.75,414.8984375,828.4375,587.599609375
line_soccer_00245.png,LINESTRING,191.53598310399997,419.383470256,2.146415103999999,449.9383205600001
line_soccer_00245.png,LINESTRING,191.28346367999995,416.3532371680001,0.1262597119999924,446.6555680480001
line_soccer_00245.png,LINESTRING,341.75,100.3984375,4.75,189.3984375
line_soccer_00245.png,LINESTRING,344.25,100.3984375,715.25,-2.6015625
line_soccer_00245.png,LINESTRING,346.25,109.3984375,736.25,-0.6015625
line_soccer_00245.png,LINESTRING,3.25,197.3984375,344.25,109.3984375
line_soccer_00247.png,LINESTRING,251,363.59375,211,367.59375
line_soccer_00247.png,LINESTRING,375,403.59375,417,401.59375
line_soccer_00247.png,LINESTRING,219,373.59375,375,403.59375
line_soccer_00247.png,LINESTRING,249,445.59375,251,373.59375
line_soccer_00247.png,LINESTRING,423,475.59375,249,445.59375
line_soccer_00247.png,LINESTRING,421,397.59375,423,465.59375
line_soccer_00247.png,LINESTRING,253,369.59375,421,397.59375
line_soccer_00247.png,LINESTRING,659,397.59375,533,415.59375
line_soccer_00247.png,LINESTRING,241,321.59375,659,397.59375
line_soccer_00247.png,LINESTRING,101,343.59375,241,321.59375
line_soccer_00247.png,LINESTRING,213,193.59375,1,219.59375
line_soccer_00247.png,LINESTRING,1129,417.59375,741,445.59375
line_soccer_00247.png,LINESTRING,219,187.59375,1125,417.59375
line_soccer_00247.png,LINESTRING,903,481.59375,1323,457.59375
line_soccer_00247.png,LINESTRING,431,397.59375,901,481.59375
line_soccer_00247.png,LINESTRING,7,325.59375,243,365.59375
line_soccer_00250.png,LINESTRING,63,503.59375,1317,487.59375
line_soccer_00250.png,LINESTRING,1023,499.59375,1021,7.59375
line_soccer_00251.png,LINESTRING,968.666734483507,349.5138969421387,965.111070421007,348.6250114440918
line_soccer_00251.png,LINESTRING,1086.8890245225693,461.5138969421387,1086.8890245225693,1.0694389343261719
line_soccer_00252.png,LINESTRING,9,617.59375,151,669.59375
line_soccer_00252.png,LINESTRING,7,703.59375,1307,687.59375
line_soccer_00252.png,LINESTRING,3,93.59375,1253,3.59375
line_soccer_00252.png,LINESTRING,3,679.59375,149,673.59375
line_soccer_00252.png,LINESTRING,447,-2.40625,459,17.59375
line_soccer_00252.png,LINESTRING,65,43.59375,457,19.59375
line_soccer_00252.png,LINESTRING,889,683.59375,869,39.59375
line_soccer_00253.png,LINESTRING,1280.6667344835068,527.2916543748643,1285.9999864366318,528.1805398729111
line_soccer_00253.png,LINESTRING,996.2222764756945,486.4027620951334,1315.3333604600693,505.06941858927405
line_soccer_00253.png,LINESTRING,1318.8889024522568,393.0694389343262,989.1111924913195,487.2916747199165
line_soccer_00255.png,LINESTRING,7,441.59375,1319,473.59375
line_soccer_00255.png,LINESTRING,256.6666734483507,449.06940841674805,267.33336046006946,2.847209930419922
line_soccer_00258.png,LINESTRING,655.611107720269,375.822898334927,515.3888863457573,388.7118067211575
line_soccer_00258.png,LINESTRING,186.27779134114581,282.71179909176294,654.6667344835068,375.47217051188136
line_soccer_00258.png,LINESTRING,18.00000169542102,300.6250114440918,176.2222154405382,283.7360954284668
line_soccer_00258.png,LINESTRING,154.44444444444446,127.29166793823242,46.00000169542102,147.73612594604492
line_soccer_00258.png,LINESTRING,1193.5555284288193,392.1805534362793,155.33332994249133,128.18052291870117
line_soccer_00258.png,LINESTRING,739.3333604600695,426.8471794128418,1191.7778184678818,395.7360954284668
line_soccer_00258.png,LINESTRING,42.44444444444446,306.8472099304199,731.3333604600695,427.7360954284668
line_soccer_00260.png,LINESTRING,61,443.59375,735,485.59375
line_soccer_00260.png,LINESTRING,537,423.59375,925,447.59375
line_soccer_00260.png,LINESTRING,1317,211.59375,537,419.59375
line_soccer_00260.png,LINESTRING,1295,401.59375,1253,393.59375
line_soccer_00260.png,LINESTRING,1293,401.59375,1325,395.59375
line_soccer_00260.png,LINESTRING,1245,393.59375,1319,377.59375
line_soccer_00260.png,LINESTRING,1241,469.59375,1323,457.59375
line_soccer_00260.png,LINESTRING,1241,391.59375,1241,469.59375
line_soccer_00260.png,LINESTRING,743,483.59375,1241,391.59375
line_soccer_00264.png,LINESTRING,863,501.59375,863,431.59375
line_soccer_00264.png,LINESTRING,927,435.59375,867,499.59375
line_soccer_00264.png,LINESTRING,925,437.59375,925,367.59375
line_soccer_00264.png,LINESTRING,929,365.59375,971,369.59375
line_soccer_00264.png,LINESTRING,911,441.59375,863,443.59375
line_soccer_00264.png,LINESTRING,977,365.59375,915,441.59375
line_soccer_00264.png,LINESTRING,811,291.59375,975,297.59375
line_soccer_00264.png,LINESTRING,671,477.59375,811,291.59375
line_soccer_00264.png,LINESTRING,673,479.59375,815,483.59375
line_soccer_00264.png,LINESTRING,359,543.59375,745,565.59375
line_soccer_00264.png,LINESTRING,507,101.59375,361,539.59375
line_soccer_00264.png,LINESTRING,1125,143.59375,507,101.59375
line_soccer_00264.png,LINESTRING,677,641.59375,1263,-4.40625
line_soccer_00264.png,LINESTRING,3,623.59375,669,641.59375
line_soccer_00266.png,LINESTRING,631.5,365.796875,785.5,382.796875
line_soccer_00266.png,LINESTRING,1161.5,269.796875,633.5,364.796875
line_soccer_00266.png,LINESTRING,1322.5,290.796875,1161.5,269.796875
line_soccer_00266.png,LINESTRING,1200.5,99.796875,1317.5,120.796875
line_soccer_00266.png,LINESTRING,24.5,377.796875,1204.5,100.796875
line_soccer_00266.png,LINESTRING,545.5,422.796875,23.5,377.796875
line_soccer_00266.png,LINESTRING,930.5,360.796875,983.5,368.796875
line_soccer_00266.png,LINESTRING,983.5,363.796875,1202.5,334.796875
line_soccer_00266.png,LINESTRING,1149.5,327.796875,1206.5,332.796875
line_soccer_00266.png,LINESTRING,1149.5,426.796875,1149.5,325.796875
line_soccer_00266.png,LINESTRING,926.5,454.796875,1149.5,426.796875
line_soccer_00266.png,LINESTRING,925.5,363.796875,926.5,453.796875
line_soccer_00266.png,LINESTRING,310.5,462.796875,1314.5,297.796875
line_soccer_00266.png,LINESTRING,3.5,435.796875,306.5,461.796875
line_soccer_00267.png,LINESTRING,1208.5,307.796875,589.5,0.796875
line_soccer_00267.png,LINESTRING,241.5,241.796875,679.5,361.796875
line_soccer_00267.png,LINESTRING,3.5,269.796875,241.5,238.796875
line_soccer_00267.png,LINESTRING,198.5,370.796875,6.5,390.796875
line_soccer_00267.png,LINESTRING,342.5,397.796875,200.5,368.796875
line_soccer_00267.png,LINESTRING,186.5,489.796875,191.5,410.796875
line_soccer_00267.png,LINESTRING,4.5,513.796875,186.5,495.796875
line_soccer_00267.png,LINESTRING,193.5,409.796875,229.5,419.796875
line_soccer_00267.png,LINESTRING,41.5,436.796875,229.5,421.796875
line_soccer_00267.png,LINESTRING,2.5,431.796875,46.5,440.796875
line_soccer_00267.png,LINESTRING,3.5,430.796875,1204.5,309.796875
line_soccer_00269.png,LINESTRING,1253.5,316.796875,612.5,-0.203125
line_soccer_00269.png,LINESTRING,3.5,282.796875,282.5,244.796875
line_soccer_00269.png,LINESTRING,715.5,369.796875,280.5,243.796875
line_soccer_00269.png,LINESTRING,242.5,380.796875,381.5,404.796875
line_soccer_00269.png,LINESTRING,3.5,403.796875,243.5,377.796875
line_soccer_00269.png,LINESTRING,274.5,425.796875,232.5,418.796875
line_soccer_00269.png,LINESTRING,88.5,446.796875,273.5,426.796875
line_soccer_00269.png,LINESTRING,38.5,439.796875,88.5,446.796875
line_soccer_00269.png,LINESTRING,2.5,441.796875,1246.5,313.796875
line_soccer_00269.png,LINESTRING,227.5,500.796875,232.5,421.796875
line_soccer_00269.png,LINESTRING,34.5,521.796875,225.5,501.796875
line_soccer_00269.png,LINESTRING,37.5,441.796875,34.5,521.796875
line_soccer_00270.png,LINESTRING,316.5,566.796875,2.5,474.796875
line_soccer_00270.png,LINESTRING,2.5,582.796875,318.5,566.796875
line_soccer_00270.png,LINESTRING,1154.5,580.796875,1127.5,3.796875
line_soccer_00270.png,LINESTRING,143.5,613.796875,1317.5,579.796875
line_soccer_00270.png,LINESTRING,2.5,583.796875,145.5,615.796875
line_soccer_00274.png,LINESTRING,200.2923258723355,454.47970249821907,2.02386643352596,476.38837687316845
line_soccer_00274.png,LINESTRING,1319.2292110738201,314.96364346694065,2.8043171495390737,463.37787037994343
line_soccer_00274.png,LINESTRING,246.0159009152477,446.5712515390466,411.60891153548954,428.22122084961217
line_soccer_00274.png,LINESTRING,204.58820307593032,441.1646449632549,245.874785083238,446.35702750491146
line_soccer_00274.png,LINESTRING,3.1789790503356343,443.7362858386417,83.40420800174215,453.5796387946713
line_soccer_00274.png,LINESTRING,384.1239463803024,382.08138688799335,3.1376128490297646,428.8280739370173
line_soccer_00274.png,LINESTRING,882.9118459752231,497.55952586108805,899.2705872924113,500.7441294277893
line_soccer_00274.png,LINESTRING,644.861131564133,0.7643336257060582,1312.8942192342004,310.7208646601901
line_soccer_00274.png,LINESTRING,413.9603951998583,262.26100851626745,3.02470968383402,325.78398956786515
line_soccer_00274.png,LINESTRING,413.6569215199074,262.0626680479202,813.1885250521518,370.9731019590924
line_soccer_00274.png,LINESTRING,384.5580562152675,381.5305378170507,503.10300702931187,405.53697614605153
line_soccer_00274.png,LINESTRING,374.8669042963277,421.8636582232636,412.30047742609287,428.0909899159101
line_soccer_00274.png,LINESTRING,368.5661702071846,497.1954385127343,370.72024313538657,421.19292487986445
line_soccer_00274.png,LINESTRING,199.3423439851561,512.8650338523195,368.9489822529406,497.25598187356263
line_soccer_00274.png,LINESTRING,203.83492459375228,440.9608838790694,199.4729739035064,512.8454393645669
line_soccer_00282.png,LINESTRING,1183.000445874828,1.5303627927053185,1323.1936805320724,26.496281293310403
line_soccer_00282.png,LINESTRING,613.8695984184066,538.7379259307415,1319.3615249589634,355.0569728858594
line_soccer_00282.png,LINESTRING,614.3058952189882,539.6105195319049,916.6595780220841,560.1164691592433
line_soccer_00282.png,LINESTRING,970.3240844936292,524.3401315115466,1319.797821759545,457.5867210225514
line_soccer_00282.png,LINESTRING,969.4514908924659,523.9038347109649,1068.0545678239228,533.0660675231799
line_soccer_00282.png,LINESTRING,1313.6896665514018,494.2356522714115,1319.3615249589634,559.2438755580799
line_soccer_00282.png,LINESTRING,1199.3799047990046,519.5408667051482,1319.797821759545,502.08899468188145
line_soccer_00282.png,LINESTRING,1161.4220831483997,517.3593827022398,1198.943607998423,519.5408667051482
line_soccer_00282.png,LINESTRING,1166.2213479547981,578.4409347836734,1318.9252281583817,560.1164691592433
line_soccer_00282.png,LINESTRING,1162.294676749563,519.1045699045665,1166.2213479547981,577.56834118251
line_soccer_00282.png,LINESTRING,774.863117833042,585.42168359298,1318.9252281583817,490.7452778667581
line_soccer_00282.png,LINESTRING,773.554227431297,585.8579803935618,772.6816338301337,608.9817108243901
line_soccer_00282.png,LINESTRING,2.1814840029083413,543.5371907371399,773.1179306307154,585.4216835929801
line_soccer_00283.png,LINESTRING,664.3082957529604,424.70644535440226,663.7595074045482,489.7378646412472
line_soccer_00283.png,LINESTRING,629.4602356287861,428.8223579674937,664.0339015787542,423.88326283178395
line_soccer_00283.png,LINESTRING,514.4890766364315,471.3534549694387,662.9363248819299,490.5610471638655
line_soccer_00283.png,LINESTRING,513.9402882880194,470.53027244682045,515.586653333256,400.8341521984718
line_soccer_00283.png,LINESTRING,482.9337466027304,404.40127646315113,515.861047507462,399.4621813274414
line_soccer_00283.png,LINESTRING,482.6593524285243,404.95006481156327,629.18584145458,428.2735696190815
line_soccer_00283.png,LINESTRING,763.0901984671551,438.70054823891326,871.7502914527695,429.0967521416998
line_soccer_00283.png,LINESTRING,508.45240480389737,362.14457363541214,872.0246856269755,428.54796379328764
line_soccer_00283.png,LINESTRING,393.7556399857489,379.15701243619014,508.45240480389737,362.14457363541214
line_soccer_00283.png,LINESTRING,1104.9853395279517,496.8721131706057,2.7439417420609544,316.0463523687879
line_soccer_00283.png,LINESTRING,1106.0829162247762,497.1465073448118,1106.9060987473945,522.9395597201849
line_soccer_00283.png,LINESTRING,1106.3573103989825,497.1465073448118,1318.4640070602952,485.62195202815576
line_soccer_00283.png,LINESTRING,933.7633748233475,467.5119365305534,1317.640824537677,438.7005482389132
line_soccer_00283.png,LINESTRING,489.24481260947067,247.99659716567595,1317.0920361892647,438.151759890501
line_soccer_00283.png,LINESTRING,80.67188721659247,328.11969603385614,488.4216300868523,247.7222029914698
line_soccer_00283.png,LINESTRING,3.2927300904731283,66.07325966703374,201.1309296930689,0.2186578575704914
line_soccer_00284.png,LINESTRING,945.375,597.375,944.875,572.375
line_soccer_00284.png,LINESTRING,503.375,505.375,536.125,502.875
line_soccer_00284.png,LINESTRING,360.375,482.625,503.375,505.375
line_soccer_00284.png,LINESTRING,360.125,482.125,393.125,478.125
line_soccer_00284.png,LINESTRING,391.625,546.125,533.375,564.875
line_soccer_00284.png,LINESTRING,534.375,564.375,536.125,503.375
line_soccer_00284.png,LINESTRING,391.5,546.5,394.125,477.375
line_soccer_00284.png,LINESTRING,944.375,572.625,3.5,412.5
line_soccer_00284.png,LINESTRING,946.125,572.625,1318.875,553.875
line_soccer_00284.png,LINESTRING,628.125,517.375,731.375,507.375
line_soccer_00284.png,LINESTRING,389.625,442.375,731.125,507.375
line_soccer_00284.png,LINESTRING,275.625,457.625,387.875,442.375
line_soccer_00284.png,LINESTRING,789.5,545.5,1128.375,520.125
line_soccer_00284.png,LINESTRING,371.5,333.5,1127.5,520.5
line_soccer_00284.png,LINESTRING,3.125,400.375,371.875,333.375
line_soccer_00284.png,LINESTRING,0.75,126.25,406.75,0.75
line_soccer_00285.png,LINESTRING,477.625,431.125,620.625,453.125
line_soccer_00285.png,LINESTRING,509.625,495.125,655.25,513.75
line_soccer_00285.png,LINESTRING,654.375,513.875,655.125,449.875
line_soccer_00285.png,LINESTRING,509.25,494.75,511.125,425.375
line_soccer_00285.png,LINESTRING,1084.25,520.25,3.125,342.625
line_soccer_00285.png,LINESTRING,1084.75,543.75,1084.75,520.75
line_soccer_00285.png,LINESTRING,507.25,389.25,858.25,454.25
line_soccer_00285.png,LINESTRING,1288.25,465.25,484.875,278.875
line_soccer_00285.png,LINESTRING,1085.25,520.75,1320.25,509.25
line_soccer_00285.png,LINESTRING,917.25,492.25,1288.25,464.25
line_soccer_00285.png,LINESTRING,750.75,464.75,859.75,453.75
line_soccer_00285.png,LINESTRING,621.25,453.25,657.25,449.75
line_soccer_00285.png,LINESTRING,477.25,430.75,511.25,425.75
line_soccer_00285.png,LINESTRING,392.75,405.75,507.25,389.25
line_soccer_00285.png,LINESTRING,87.375,356.125,484.375,278.875
line_soccer_00285.png,LINESTRING,3.25,107.25,328.75,-0.25
soccer02_2320.png,LINESTRING,441.625,480.19921875,947.125,561.19921875
soccer02_2320.png,LINESTRING,0.625,416.94921875,439.375,480.19921875
soccer02_2320.png,LINESTRING,0.375,434.44921875,118.125,451.69921875
soccer02_2320.png,LINESTRING,185.625,444.94921875,181.125,557.19921875
soccer02_2320.png,LINESTRING,661.0625,514.724609375,1250.4375,466.099609375
soccer02_2320.png,LINESTRING,726.25,344.8984375,1250.75,465.8984375
soccer02_2320.png,LINESTRING,1.25,173.8984375,722.75,343.8984375
soccer02_2320.png,LINESTRING,949.6875,605.099609375,948.5625,563.099609375
soccer02_2320.png,LINESTRING,3.5,539.796875,181.5,559.796875
soccer02_2320.png,LINESTRING,951.5,561.796875,1277.5,541.796875
soccer02_2320.png,LINESTRING,542.5,446.796875,371.5,469.796875
soccer02_2320.png,LINESTRING,2.5,355.796875,542.5,449.796875
soccer02_2321.png,LINESTRING,993.25,468.3984375,1279.75,461.8984375
soccer02_2321.png,LINESTRING,436.25,486.8984375,989.25,468.3984375
soccer02_2321.png,LINESTRING,0.75,505.8984375,434.75,486.8984375
soccer02_2321.png,LINESTRING,21.8125,430.599609375,0.1875,431.974609375
soccer02_2321.png,LINESTRING,0.4375,425.724609375,21.9375,430.349609375
soccer02_2322.png,LINESTRING,1010.25,543.3984375,1279.25,553.8984375
soccer02_2322.png,LINESTRING,501.25,533.8984375,1008.75,544.8984375
soccer02_2322.png,LINESTRING,1.25,533.8984375,500.25,532.8984375
soccer02_2322.png,LINESTRING,394.5,532.796875,455.5,0.796875
soccer02_2327.png,LINESTRING,3.5,413.796875,165.5,402.796875
soccer02_2327.png,LINESTRING,2.5,356.796875,162.5,401.796875
soccer02_2327.png,LINESTRING,1.5,484.796875,1278.5,431.796875
soccer02_2328.png,LINESTRING,0.3125,398.099609375,54.1875,395.599609375
soccer02_2328.png,LINESTRING,0.6875,381.349609375,53.8125,395.224609375
soccer02_2328.png,LINESTRING,-0.75,471.3984375,1278.75,425.8984375
soccer02_2336.png,LINESTRING,657.875,432.69921875,1279.875,412.94921875
soccer02_2336.png,LINESTRING,0.625,460.44921875,655.375,432.69921875
soccer02_2336.png,LINESTRING,89.15625,383.6123046875,2.5,385.796875
soccer02_2336.png,LINESTRING,3.5,358.796875,88.59375,382.9248046875
soccer02_2342.png,LINESTRING,1219.0555623372395,452.33680078718396,360.6111153496636,638.7812477747599
soccer02_2342.png,LINESTRING,1279.861112806532,467.72395637300275,1219.9722273084851,453.3906243112352
soccer02_2342.png,LINESTRING,515.06875,718.0562499523163,515.5187507629395,696.5562499523163
soccer02_2342.png,LINESTRING,956.0750030517579,699.2249982833863,951.2750000000001,632.6249998092652
soccer02_2342.png,LINESTRING,1109.7500061035157,609.6499904632569,516.550001525879,694.4500026702881
soccer02_2342.png,LINESTRING,1112.5499938964845,611.2499660491944,1279.3500122070313,592.0499996185304
soccer02_2342.png,LINESTRING,1119.5,681.796875,1112.5,607.796875
soccer02_2342.png,LINESTRING,956.5,697.796875,1120.5,685.796875
soccer02_2342.png,LINESTRING,746.5,633.796875,847.5,645.796875
soccer02_2342.png,LINESTRING,1139.5,571.796875,1255.5,591.796875
soccer02_2342.png,LINESTRING,753.5,632.796875,1140.5,571.796875
soccer02_2342.png,LINESTRING,-0.5,663.796875,513.5,693.796875
soccer02_2342.png,LINESTRING,360.5,638.796875,669.5,668.796875
soccer02_2347.png,LINESTRING,1265.125,1.44921875,1278.625,9.94921875
soccer02_2347.png,LINESTRING,811.5,-0.203125,1279.875,211.69921875
soccer02_2347.png,LINESTRING,916.4375,601.724609375,1028.5625,585.099609375
soccer02_2347.png,LINESTRING,1010.4375,634.224609375,1037.4375,634.974609375
soccer02_2347.png,LINESTRING,339.375,627.94921875,567.59375,647.4248046875
soccer02_2347.png,LINESTRING,0.375,603.69921875,338.375,628.19921875
soccer02_2347.png,LINESTRING,1079.5625,465.599609375,1279.6875,512.224609375
soccer02_2347.png,LINESTRING,457.3125,606.474609375,1079.6875,466.349609375
soccer02_2347.png,LINESTRING,458.25,607.8984375,694.25,628.3984375
soccer02_2347.png,LINESTRING,569.03125,665.3623046875,569.59375,648.3623046875
soccer02_2347.png,LINESTRING,1009.25,634.3984375,1004.75,582.8984375
soccer02_2347.png,LINESTRING,893.75,648.8984375,1009.75,634.3984375
soccer02_2347.png,LINESTRING,892.25,646.8984375,889.75,600.3984375
soccer02_2347.png,LINESTRING,741.75,602.8984375,809.75,610.3984375
soccer02_2347.png,LINESTRING,1021.75,552.8984375,1100.75,566.3984375
soccer02_2347.png,LINESTRING,740.25,602.3984375,1021.25,553.3984375
soccer02_2347.png,LINESTRING,569.75,647.3984375,1278.8125,542.349609375
soccer02_2348.png,LINESTRING,585.5,528.796875,643.5,-3.203125
soccer02_2348.png,LINESTRING,1055.5,532.796875,1280.5,538.796875
soccer02_2348.png,LINESTRING,2.5,531.796875,1055.5,531.796875
soccer02_2349.png,LINESTRING,580.875,470.69921875,1279.125,483.69921875
soccer02_2349.png,LINESTRING,1.125,467.94921875,578.375,471.19921875
soccer02_2349.png,LINESTRING,393.5,464.796875,446.5,-1.203125
soccer02_2351.png,LINESTRING,1214.7000732421875,495.2999809265136,1275.5,497.7000053405761
soccer02_2351.png,LINESTRING,1212.5500366210938,496.04999961853036,-0.25,479.2499996185303
soccer02_2351.png,LINESTRING,351.4999938964844,482.4999870300294,407.5,2.4999992370605355
soccer02_2354.png,LINESTRING,2.5,459.796875,1280.5,492.796875
soccer02_2354.png,LINESTRING,62.5,460.796875,123.5,-3.203125
soccer02_2355.png,LINESTRING,1177.5,419.796875,1278.5,424.796875
soccer02_2355.png,LINESTRING,1178.5,420.796875,1279.5,395.796875
soccer02_2355.png,LINESTRING,3.5,441.796875,1278.5,495.796875
soccer02_2358.png,LINESTRING,805.5,512.796875,805.5,471.796875
soccer02_2358.png,LINESTRING,520.5,379.796875,1121.5,422.796875
soccer02_2358.png,LINESTRING,519.5,378.796875,1282.5,194.796875
soccer02_2358.png,LINESTRING,1244.5,356.796875,1279.5,348.796875
soccer02_2358.png,LINESTRING,1242.5,356.796875,1280.5,361.796875
soccer02_2358.png,LINESTRING,812.5,473.796875,1279.5,399.796875
soccer02_2358.png,LINESTRING,3.5,420.796875,811.5,474.796875
soccer02_2360.png,LINESTRING,928.5,460.796875,3.5,401.796875
soccer02_2360.png,LINESTRING,943.5,501.796875,944.5,468.796875
soccer02_2360.png,LINESTRING,1276.5,405.796875,940.5,462.796875
soccer02_2360.png,LINESTRING,669.5,369.796875,1246.5,411.796875
soccer02_2360.png,LINESTRING,665.5,368.796875,1277.5,217.796875
soccer02_2361.png,LINESTRING,927.5,524.796875,980.5,0.796875
soccer02_2361.png,LINESTRING,3.5,535.796875,1280.5,520.796875
soccer02_2362.png,LINESTRING,377.40625,424.7373046875,961.40625,474.5498046875
soccer02_2362.png,LINESTRING,377.625,424.69921875,1279.125,214.94921875
soccer02_2362.png,LINESTRING,844.0625,491.224609375,1279.8125,428.849609375
soccer02_2362.png,LINESTRING,660.6875,520.849609375,842.9375,491.474609375
soccer02_2362.png,LINESTRING,660.59375,557.5498046875,660.28125,523.2373046875
soccer02_2362.png,LINESTRING,1084.53125,407.1748046875,1279.65625,374.6748046875
soccer02_2362.png,LINESTRING,1279.96875,426.9248046875,1084.28125,407.7373046875
soccer02_2362.png,LINESTRING,1.5,476.796875,661.5,521.796875
soccer02_2363.png,LINESTRING,724.5,681.796875,1277.5,699.796875
soccer02_2363.png,LINESTRING,-0.5,695.796875,722.5,681.796875
soccer02_2363.png,LINESTRING,616.5,682.796875,688.5,1.796875
soccer02_2366.png,LINESTRING,158.8888888888889,460.0138698154026,-0.2221950954860858,438.68055682712134
soccer02_2366.png,LINESTRING,209.5,550.796875,212.5,447.796875
soccer02_2366.png,LINESTRING,1.5,531.796875,211.5,551.796875
soccer02_2366.png,LINESTRING,1151.5,469.796875,633.5,513.796875
soccer02_2366.png,LINESTRING,3.5,199.796875,1147.5,471.796875
soccer02_2366.png,LINESTRING,883.5,551.796875,1281.5,526.796875
soccer02_2366.png,LINESTRING,883.5,586.796875,882.5,553.796875
soccer02_2366.png,LINESTRING,3.5,417.796875,886.5,551.796875
soccer02_2366.png,LINESTRING,377.5,474.796875,531.5,457.796875
soccer02_2366.png,LINESTRING,2.5,367.796875,534.5,455.796875
soccer02_2373.png,LINESTRING,1208.1875,568.849609375,1278.8125,571.224609375
soccer02_2373.png,LINESTRING,454.0625,515.724609375,730.5625,477.849609375
soccer02_2373.png,LINESTRING,4.5625,579.849609375,451.4375,515.849609375
soccer02_2373.png,LINESTRING,948.0625,467.349609375,1270.3125,428.724609375
soccer02_2373.png,LINESTRING,731.625,477.44921875,1279.375,408.69921875
soccer02_2373.png,LINESTRING,1256.4375,339.1124999046326,1279.8375091552734,343.2124983787537
soccer02_2373.png,LINESTRING,1206.3125,568.349609375,1201.5,418.796875
soccer02_2373.png,LINESTRING,871.4375,597.599609375,1207.0625,568.474609375
soccer02_2373.png,LINESTRING,872.5,595.796875,870.5,458.796875
soccer02_2373.png,LINESTRING,444.0625,460.599609375,659.5,487.796875
soccer02_2373.png,LINESTRING,443.5,460.796875,1258.1875,339.224609375
soccer02_2373.png,LINESTRING,4.5,507.796875,299.5,537.796875
soccer02_2373.png,LINESTRING,1.5,378.796875,1283.5,122.796875
soccer02_2376.png,LINESTRING,429.625,602.19921875,808.5,606.796875
soccer02_2376.png,LINESTRING,0.75,604.3984375,430.125,602.44921875
soccer02_2376.png,LINESTRING,803.5,605.796875,1279.5,625.796875
soccer02_2376.png,LINESTRING,370.5,599.796875,450.5,0.796875
soccer02_2392.png,LINESTRING,330.375,485.44921875,987.875,582.44921875
soccer02_2392.png,LINESTRING,0.875,442.94921875,329.875,484.94921875
soccer02_2392.png,LINESTRING,322.5555725097656,497.11805110507544,483.4444580078125,521.1180511050754
soccer02_2392.png,LINESTRING,518.5,580.796875,518.5,513.796875
soccer02_2392.png,LINESTRING,354.5,566.796875,517.5,580.796875
soccer02_2392.png,LINESTRING,355.5,567.796875,357.5,484.796875
soccer02_2392.png,LINESTRING,632.5,526.796875,732.5,514.796875
soccer02_2392.png,LINESTRING,330.5,445.796875,734.5,513.796875
soccer02_2392.png,LINESTRING,217.5,468.796875,329.5,446.796875
soccer02_2392.png,LINESTRING,988.5,582.796875,1281.5,563.796875
soccer02_2392.png,LINESTRING,987.5,606.796875,986.5,584.796875
soccer02_2392.png,LINESTRING,810.5,555.796875,1177.5,522.796875
soccer02_2392.png,LINESTRING,260.5,320.796875,1178.5,522.796875
soccer02_2392.png,LINESTRING,1.5,382.796875,260.5,319.796875
soccer02_2401.png,LINESTRING,1082.5,321.796875,1279.5,372.796875
soccer02_2401.png,LINESTRING,288.5,582.796875,1280.5,453.796875
soccer02_2401.png,LINESTRING,286.5,583.796875,283.5,612.796875
soccer02_2401.png,LINESTRING,0.5,564.796875,286.5,582.796875
soccer02_2401.png,LINESTRING,959.5,574.796875,955.5,492.796875
soccer02_2401.png,LINESTRING,782.5,588.796875,960.5,574.796875
soccer02_2401.png,LINESTRING,782.5,590.796875,780.5,514.796875
soccer02_2401.png,LINESTRING,93.5,522.796875,477.5,557.796875
soccer02_2401.png,LINESTRING,555.5,517.796875,664.5,530.796875
soccer02_2401.png,LINESTRING,987.5,448.796875,1103.5,475.796875
soccer02_2401.png,LINESTRING,557.5,515.796875,986.5,448.796875
soccer02_2401.png,LINESTRING,94.75,520.8984375,1081.5,320.796875
soccer02_2446.png,LINESTRING,1183.5,556.796875,1279.5,556.796875
soccer02_2446.png,LINESTRING,1180.5,556.796875,1277.5,525.796875
soccer02_2446.png,LINESTRING,618.5,586.796875,682.5,-1.203125
soccer02_2446.png,LINESTRING,3.5,579.796875,1277.5,585.796875
soccer02_2446.png,LINESTRING,2.5,547.796875,42.5,547.796875
soccer02_2446.png,LINESTRING,-0.5,529.796875,42.5,545.796875